corp_name,stock_code,corp_code,year,report_code,report_name,fs_div,collected_at,total_assets,total_assets_account_nm,total_assets_sj_div,total_assets_ord,cash,cash_account_nm,cash_sj_div,cash_ord,receivables,receivables_account_nm,receivables_sj_div,receivables_ord,inventory,inventory_account_nm,inventory_sj_div,inventory_ord,ppe,ppe_account_nm,ppe_sj_div,ppe_ord,total_liabilities,total_liabilities_account_nm,total_liabilities_sj_div,total_liabilities_ord,borrowings,borrowings_account_nm,borrowings_sj_div,borrowings_ord,equity,equity_account_nm,equity_sj_div,equity_ord,revenue,revenue_account_nm,revenue_sj_div,revenue_ord,gross_profit,gross_profit_account_nm,gross_profit_sj_div,gross_profit_ord,sga,sga_account_nm,sga_sj_div,sga_ord,operating_income,operating_income_account_nm,operating_income_sj_div,operating_income_ord,pretax_income,pretax_income_account_nm,pretax_income_sj_div,pretax_income_ord,net_income,net_income_account_nm,net_income_sj_div,net_income_ord,controlling_net_income,controlling_net_income_account_nm,controlling_net_income_sj_div,controlling_net_income_ord,cfo,cfi,cff,interest_expense,interest_expense_account_nm,interest_expense_sj_div,interest_expense_ord,depreciation,amortization,capex,cfo_account_nm,cfo_sj_div,cfo_ord,cfi_account_nm,cfi_sj_div,cfi_ord,cff_account_nm,cff_sj_div,cff_ord
삼성전자,005930,00126380,2021,11011,사업보고서,CFS,2026-10-10T00:54:47Z,426621158000000.0,자산총계,BS,21,39031415000000.0,현금및현금성자산,BS,2,40713415000000.0,매출채권,BS,6,41384404000000.0,재고자산,BS,9,149928539000000.0,유형자산,BS,16,121721227000000.0,부채총계,BS,43,13687793000000.0,단기차입금,BS,25,304899931000000.0,자본총계,BS,54,279604799000000.0,수익(매출액),IS,0,113193457000000.0,매출총이익,IS,2,61559601000000.0,판매비와관리비,IS,3,51633856000000.0,영업이익,IS,4,53351827000000.0,법인세비용차감전순이익(손실),IS,10,39907450000000.0,당기순이익,CF,2,39243791000000.0,지배기업의 소유주에게 귀속되는 당기순이익(손실),IS,15,,,,7704554000000.0,금융비용,IS,9,,,49829021000000.0,,,,,,,,,
삼성전자,005930,00126380,2021,11013,1분기보고서,CFS,2026-10-10T00:54:48Z,392826274000000.0,자산총계,BS,21,41039591000000.0,현금및현금성자산,BS,2,33962077000000.0,매출채권,BS,6,30619976000000.0,재고자산,BS,9,132747712000000.0,유형자산,BS,16,118557683000000.0,부채총계,BS,43,16148220000000.0,단기차입금,BS,25,274268591000000.0,자본총계,BS,54,65388503000000.0,수익(매출액),IS,0,23888518000000.0,매출총이익,IS,2,14505650000000.0,판매비와관리비,IS,3,9382868000000.0,영업이익,IS,4,9750645000000.0,법인세비용차감전순이익(손실),IS,10,7141685000000.0,당기순이익,CF,2,7092786000000.0,지배기업의 소유주에게 귀속되는 당기순이익(손실),IS,15,,,,1993882000000.0,금융비용,IS,9,,,10668560000000.0,,,,,,,,,
삼성전자,005930,00126380,2021,11012,반기보고서,CFS,2026-10-10T00:54:49Z,384777669000000.0,자산총계,BS,21,30683788000000.0,현금및현금성자산,BS,2,35624916000000.0,매출채권,BS,6,33592385000000.0,재고자산,BS,9,139389862000000.0,유형자산,BS,16,102453403000000.0,부채총계,BS,43,12887851000000.0,단기차입금,BS,25,282324266000000.0,자본총계,BS,54,63671585000000.0,수익(매출액),IS,0,26605654000000.0,매출총이익,IS,2,14038909000000.0,판매비와관리비,IS,3,12566745000000.0,영업이익,IS,4,12882430000000.0,법인세비용차감전순이익(손실),IS,10,16776171000000.0,당기순이익,CF,2,9450676000000.0,지배기업의 소유주에게 귀속되는 당기순이익(손실),IS,15,,,,1522717000000.0,금융비용,IS,9,,,25114948000000.0,,,,,,,,,
삼성전자,005930,00126380,2021,11014,3분기보고서,CFS,2026-10-10T00:54:51Z,410420718000000.0,자산총계,BS,21,32675040000000.0,현금및현금성자산,BS,2,42369691000000.0,매출채권,BS,6,37801695000000.0,재고자산,BS,9,143029384000000.0,유형자산,BS,16,113654600000000.0,부채총계,BS,43,15117140000000.0,단기차입금,BS,25,296766118000000.0,자본총계,BS,54,73979187000000.0,수익(매출액),IS,0,31080316000000.0,매출총이익,IS,2,15262785000000.0,판매비와관리비,IS,3,15817531000000.0,영업이익,IS,4,16355869000000.0,법인세비용차감전순이익(손실),IS,10,29069502000000.0,당기순이익,CF,2,12057207000000.0,지배기업의 소유주에게 귀속되는 당기순이익(손실),IS,15,,,,2490646000000.0,금융비용,IS,9,,,36963514000000.0,,,,,,,,,
삼성전자,005930,00126380,2022,11011,사업보고서,CFS,2026-10-10T00:54:52Z,448424507000000.0,자산총계,BS,21,49680710000000.0,현금및현금성자산,BS,2,35721563000000.0,매출채권,BS,6,52187866000000.0,재고자산,BS,9,168045388000000.0,유형자산,BS,16,93674903000000.0,부채총계,BS,43,5147315000000.0,단기차입금,BS,25,354749604000000.0,자본총계,BS,54,302231360000000.0,수익(매출액),IS,0,112189590000000.0,매출총이익,IS,2,68812960000000.0,판매비와관리비,IS,3,43376630000000.0,영업이익,IS,4,46440474000000.0,법인세비용차감전순이익(손실),IS,10,55654077000000.0,당기순이익,CF,2,54730018000000.0,지배기업의 소유주에게 귀속되는 당기순이익(손실),IS,15,,,,19027689000000.0,금융비용,IS,9,,,53126732000000.0,,,,,,,,,
삼성전자,005930,00126380,2022,11013,1분기보고서,CFS,2026-10-10T00:54:54Z,439326959000000.0,자산총계,BS,20,48944982000000.0,현금및현금성자산,BS,2,44464968000000.0,매출채권,BS,6,47590731000000.0,재고자산,BS,9,149618019000000.0,유형자산,BS,15,124036040000000.0,부채총계,BS,41,13885889000000.0,단기차입금,BS,24,315290919000000.0,자본총계,BS,51,77781498000000.0,수익(매출액),IS,0,30709441000000.0,매출총이익,IS,2,16588032000000.0,판매비와관리비,IS,3,14121409000000.0,영업이익,IS,4,15069840000000.0,법인세비용차감전순이익(손실),IS,10,11324628000000.0,당기순이익,CF,2,11129094000000.0,지배기업의 소유주에게 귀속되는 당기순이익(손실),IS,15,,,,3033318000000.0,금융비용,IS,9,,,9560282000000.0,,,,,,,,,
삼성전자,005930,00126380,2022,11012,반기보고서,CFS,2026-10-10T00:54:55Z,448040650000000.0,자산총계,BS,20,39583141000000.0,현금및현금성자산,BS,2,44026232000000.0,매출채권,BS,6,52092241000000.0,재고자산,BS,9,154254576000000.0,유형자산,BS,15,120133986000000.0,부채총계,BS,41,12989188000000.0,단기차입금,BS,24,327906664000000.0,자본총계,BS,51,77203607000000.0,수익(매출액),IS,0,30933859000000.0,매출총이익,IS,2,16836814000000.0,판매비와관리비,IS,3,14097045000000.0,영업이익,IS,4,14460758000000.0,법인세비용차감전순이익(손실),IS,10,22423433000000.0,당기순이익,CF,2,10954515000000.0,지배기업의 소유주에게 귀속되는 당기순이익(손실),IS,15,,,,5130979000000.0,금융비용,IS,9,,,21734136000000.0,,,,,,,,,
삼성전자,005930,00126380,2022,11014,3분기보고서,CFS,2026-10-10T00:54:57Z,470278409000000.0,자산총계,BS,20,44515421000000.0,현금및현금성자산,BS,2,47421784000000.0,매출채권,BS,6,57319848000000.0,재고자산,BS,9,160343568000000.0,유형자산,BS,15,125371520000000.0,부채총계,BS,41,7616143000000.0,단기차입금,BS,24,344906889000000.0,자본총계,BS,51,76781680000000.0,수익(매출액),IS,0,28709443000000.0,매출총이익,IS,2,17857398000000.0,판매비와관리비,IS,3,10852045000000.0,영업이익,IS,4,11854958000000.0,법인세비용차감전순이익(손실),IS,10,31812631000000.0,당기순이익,CF,2,9143900000000.0,지배기업의 소유주에게 귀속되는 당기순이익(손실),IS,15,,,,6101555000000.0,금융비용,IS,9,,,35660787000000.0,,,,,,,,,
삼성전자,005930,00126380,2023,11011,사업보고서,CFS,2026-10-10T00:54:58Z,455905980000000.0,자산총계,BS,7,69080893000000.0,현금및현금성자산,BS,11,36647393000000.0,매출채권,BS,14,51625874000000.0,재고자산,BS,15,187256262000000.0,유형자산,BS,27,92228115000000.0,부채총계,BS,52,7114601000000.0,단기차입금,BS,43,363677865000000.0,자본총계,BS,29,258935494000000.0,영업수익,IS,24,78546914000000.0,매출총이익,IS,16,71979938000000.0,판매비와관리비,IS,9,6566976000000.0,영업이익,IS,6,11006265000000.0,법인세비용차감전순이익(손실),IS,22,15487100000000.0,당기순이익(손실),IS,18,14473401000000.0,지배기업의 소유주에게 귀속되는 당기순이익(손실),IS,21,44137427000000.0,-16922817000000.0,-8593059000000.0,12645530000000.0,금융비용,IS,14,,,60534167000000.0,영업활동현금흐름,CF,34,투자활동현금흐름,CF,15,재무활동현금흐름,CF,9
삼성전자,005930,00126380,2023,11013,1분기보고서,CFS,2026-10-10T00:55:00Z,454091777000000.0,자산총계,BS,20,72949377000000.0,현금및현금성자산,BS,2,36632159000000.0,매출채권,BS,6,54419586000000.0,재고자산,BS,9,171857516000000.0,유형자산,BS,15,94292361000000.0,부채총계,BS,41,4442640000000.0,단기차입금,BS,24,359799416000000.0,자본총계,BS,51,63745371000000.0,수익(매출액),IS,0,17738278000000.0,매출총이익,IS,2,17098100000000.0,판매비와관리비,IS,3,640178000000.0,영업이익,IS,4,1826380000000.0,법인세비용차감전순이익(손실),IS,10,1574600000000.0,당기순이익,CF,2,1401252000000.0,지배기업의 소유주에게 귀속되는 당기순이익(손실),IS,15,,,,3956001000000.0,금융비용,IS,9,,,14313809000000.0,,,,,,,,,
삼성전자,005930,00126380,2023,11012,반기보고서,CFS,2026-10-10T00:55:01Z,448000552000000.0,자산총계,BS,20,79919775000000.0,현금및현금성자산,BS,2,36104142000000.0,매출채권,BS,6,55504798000000.0,재고자산,BS,9,177869942000000.0,유형자산,BS,15,89024926000000.0,부채총계,BS,41,3557360000000.0,단기차입금,BS,24,358975626000000.0,자본총계,BS,51,60005533000000.0,수익(매출액),IS,0,18358343000000.0,매출총이익,IS,2,17689796000000.0,판매비와관리비,IS,3,668547000000.0,영업이익,IS,4,1712995000000.0,법인세비용차감전순이익(손실),IS,10,3298171000000.0,당기순이익,CF,2,1547018000000.0,지배기업의 소유주에게 귀속되는 당기순이익(손실),IS,15,,,,3244540000000.0,금융비용,IS,9,,,30994290000000.0,,,,,,,,,
삼성전자,005930,00126380,2023,11014,3분기보고서,CFS,2026-10-10T00:55:02Z,454466447000000.0,자산총계,BS,7,75144284000000.0,현금및현금성자산,BS,12,43405955000000.0,매출채권,BS,10,55255957000000.0,재고자산,BS,15,180805963000000.0,유형자산,BS,26,90573804000000.0,부채총계,BS,50,4342183000000.0,단기차입금,BS,49,363892643000000.0,자본총계,BS,28,67404652000000.0,수익(매출액),IS,25,20785926000000.0,매출총이익,IS,17,18352392000000.0,판매비와관리비,IS,9,2433534000000.0,영업이익,IS,6,3942601000000.0,법인세비용차감전순이익(손실),IS,23,5844171000000.0,당기순이익(손실),IS,19,5501304000000.0,지배기업의 소유주에게 귀속되는 당기순이익(손실),IS,22,,,,2903717000000.0,금융비용,IS,15,,,44646531000000.0,,,,,,,,,
삼성전자,005930,00126380,2024,11011,사업보고서,CFS,2026-10-10T00:55:04Z,514531948000000.0,자산총계,BS,7,53705579000000.0,현금및현금성자산,BS,10,43623073000000.0,매출채권,BS,14,51754865000000.0,재고자산,BS,15,205945209000000.0,유형자산,BS,27,112339878000000.0,부채총계,BS,52,13172504000000.0,단기차입금,BS,42,402192070000000.0,자본총계,BS,29,300870903000000.0,매출액,IS,23,114308635000000.0,매출총이익,IS,16,81582674000000.0,판매비와관리비,IS,9,32725961000000.0,영업이익,IS,6,37529734000000.0,법인세비용차감전순이익,IS,22,34451351000000.0,당기순이익,IS,18,,,,,72982621000000.0,-85381702000000.0,-7797243000000.0,12985684000000.0,금융비용,IS,14,,,53741639000000.0,영업활동현금흐름,CF,35,투자활동현금흐름,CF,16,재무활동현금흐름,CF,9
삼성전자,005930,00126380,2024,11013,1분기보고서,CFS,2026-10-10T00:55:42Z,470899812000000.0,자산총계,BS,7,61906097000000.0,현금및현금성자산,BS,11,41145391000000.0,매출채권,BS,14,53347700000000.0,재고자산,BS,15,191155560000000.0,유형자산,BS,27,98983688000000.0,부채총계,BS,52,9634548000000.0,단기차입금,BS,43,371916124000000.0,자본총계,BS,29,71915601000000.0,매출액,IS,24,26029269000000.0,매출총이익,IS,16,19423260000000.0,판매비와관리비,IS,9,6606009000000.0,영업이익,IS,6,7706723000000.0,법인세비용차감전순이익(손실),IS,22,,,,,,,,,11866306000000.0,-22010751000000.0,1261662000000.0,2662511000000.0,금융비용,IS,14,,,14565177000000.0,영업활동현금흐름,CF,32,투자활동현금흐름,CF,14,재무활동현금흐름,CF,8
삼성전자,005930,00126380,2024,11012,반기보고서,CFS,2026-10-10T00:55:43Z,485757698000000.0,자산총계,BS,7,49844405000000.0,현금및현금성자산,BS,11,43660885000000.0,매출채권,BS,14,55566613000000.0,재고자산,BS,15,194449826000000.0,유형자산,BS,27,102231027000000.0,부채총계,BS,52,10626592000000.0,단기차입금,BS,43,383526671000000.0,자본총계,BS,29,74068302000000.0,매출액,IS,24,29756276000000.0,매출총이익,IS,16,19312398000000.0,판매비와관리비,IS,9,10443878000000.0,영업이익,IS,6,11595344000000.0,법인세비용차감전순이익(손실),IS,22,,,,,,,,,28761716000000.0,-48130985000000.0,-2837616000000.0,2736237000000.0,금융비용,IS,14,,,26744470000000.0,영업활동현금흐름,CF,32,투자활동현금흐름,CF,14,재무활동현금흐름,CF,8
삼성전자,005930,00126380,2024,11014,3분기보고서,CFS,2026-10-10T00:55:50Z,491307317000000.0,자산총계,BS,7,43131359000000.0,현금및현금성자산,BS,10,44692044000000.0,매출채권,BS,14,53356759000000.0,재고자산,BS,15,195028773000000.0,유형자산,BS,27,105025954000000.0,부채총계,BS,52,11035119000000.0,단기차입금,BS,42,386281363000000.0,자본총계,BS,29,79098731000000.0,매출액,IS,23,30003648000000.0,매출총이익,IS,16,20820277000000.0,판매비와관리비,IS,9,9183371000000.0,영업이익,IS,6,10320412000000.0,법인세비용차감전순이익,IS,22,,,,,,,,,50960350000000.0,-73513780000000.0,-5016158000000.0,2823742000000.0,금융비용,IS,14,,,37997870000000.0,영업활동현금흐름,CF,33,투자활동현금흐름,CF,14,재무활동현금흐름,CF,8
삼성전자,005930,00126380,2025,11011,사업보고서,CFS,2026-10-10T00:56:28Z,566942110000000.0,자산총계,BS,7,57856378000000.0,현금및현금성자산,BS,10,51127642000000.0,매출채권,BS,14,52636828000000.0,재고자산,BS,15,215304784000000.0,유형자산,BS,27,130621773000000.0,부채총계,BS,52,17574980000000.0,단기차입금,BS,42,436320337000000.0,자본총계,BS,29,333605938000000.0,매출액,IS,23,131370425000000.0,매출총이익,IS,16,87769374000000.0,판매비와관리비,IS,9,43601051000000.0,영업이익,IS,6,49481471000000.0,법인세비용차감전순이익,IS,22,45206805000000.0,당기순이익,IS,18,,,,,85315148000000.0,-68512206000000.0,-13478040000000.0,11733764000000.0,금융비용,IS,14,,,52153149000000.0,영업활동현금흐름,CF,37,투자활동현금흐름,CF,16,재무활동현금흐름,CF,9
삼성전자,005930,00126380,2025,11013,1분기보고서,CFS,2026-10-10T00:56:29Z,516376748000000.0,자산총계,BS,7,53161004000000.0,현금및현금성자산,BS,10,44866585000000.0,매출채권,BS,13,53220267000000.0,재고자산,BS,14,207385768000000.0,유형자산,BS,25,109762479000000.0,부채총계,BS,49,5333859000000.0,단기차입금,BS,40,406614269000000.0,자본총계,BS,27,79140503000000.0,매출액,IS,23,28130572000000.0,매출총이익,IS,16,21445300000000.0,판매비와관리비,IS,9,6685272000000.0,영업이익,IS,6,9151576000000.0,법인세비용차감전순이익,IS,22,,,,,,,,,16580866000000.0,-6431187000000.0,-11341720000000.0,2488325000000.0,금융비용,IS,14,,,13385478000000.0,영업활동현금흐름,CF,34,투자활동현금흐름,CF,15,재무활동현금흐름,CF,8
삼성전자,005930,00126380,2025,11012,반기보고서,CFS,2026-10-10T00:56:31Z,504875185000000.0,자산총계,BS,7,47120025000000.0,현금및현금성자산,BS,10,43550509000000.0,매출채권,BS,13,51037413000000.0,재고자산,BS,14,205025638000000.0,유형자산,BS,25,105313218000000.0,부채총계,BS,49,7190268000000.0,단기차입금,BS,40,399561967000000.0,자본총계,BS,27,74566317000000.0,매출액,IS,23,25496751000000.0,매출총이익,IS,16,20820694000000.0,판매비와관리비,IS,9,4676057000000.0,영업이익,IS,6,5756129000000.0,법인세비용차감전순이익,IS,22,,,,,,,,,33941002000000.0,-24173503000000.0,-14748410000000.0,3444354000000.0,금융비용,IS,14,,,27202561000000.0,영업활동현금흐름,CF,34,투자활동현금흐름,CF,15,재무활동현금흐름,CF,8
삼성전자,005930,00126380,2025,11014,3분기보고서,CFS,2026-10-10T00:56:36Z,523659586000000.0,자산총계,BS,7,53399483000000.0,현금및현금성자산,BS,10,50538790000000.0,매출채권,BS,13,50332392000000.0,재고자산,BS,14,204861077000000.0,유형자산,BS,26,110158092000000.0,부채총계,BS,51,9846829000000.0,단기차입금,BS,41,413501494000000.0,자본총계,BS,28,86061747000000.0,매출액,IS,23,33492127000000.0,매출총이익,IS,16,21326065000000.0,판매비와관리비,IS,9,12166062000000.0,영업이익,IS,6,13545563000000.0,법인세비용차감전순이익,IS,22,,,,,,,,,56515496000000.0,-37521178000000.0,-18936143000000.0,1709475000000.0,금융비용,IS,14,,,39393659000000.0,영업활동현금흐름,CF,34,투자활동현금흐름,CF,15,재무활동현금흐름,CF,8
삼성전자,005930,00126380,2026,11013,1분기보고서,CFS,2026-10-10T00:56:39Z,633339604000000.0,자산총계,BS,7,73306751000000.0,현금및현금성자산,BS,10,82285029000000.0,매출채권,BS,13,58278373000000.0,재고자산,BS,14,217814922000000.0,유형자산,BS,25,146703628000000.0,부채총계,BS,49,19546315000000.0,단기차입금,BS,40,486635976000000.0,자본총계,BS,27,133873444000000.0,매출액,IS,23,81913173000000.0,매출총이익,IS,16,24680376000000.0,판매비와관리비,IS,9,57232797000000.0,영업이익,IS,6,58828434000000.0,법인세비용차감전순이익,IS,22,,,,,,,,,40274106000000.0,-21456000000000.0,-5455268000000.0,4858242000000.0,금융비용,IS,14,,,18176955000000.0,영업활동현금흐름,CF,33,투자활동현금흐름,CF,15,재무활동현금흐름,CF,8
삼성전자,005930,00126380,2026,11012,반기보고서,CFS,2026-10-10T00:57:16Z,759480516000000.0,자산총계,BS,7,92916382000000.0,현금및현금성자산,BS,10,96408968000000.0,매출채권,BS,13,71389118000000.0,재고자산,BS,14,224371952000000.0,유형자산,BS,25,180170840000000.0,부채총계,BS,49,13710121000000.0,단기차입금,BS,39,579309676000000.0,자본총계,BS,27,171499470000000.0,매출액,IS,23,119300711000000.0,매출총이익,IS,16,29808299000000.0,판매비와관리비,IS,9,89492412000000.0,영업이익,IS,6,94439805000000.0,법인세비용차감전순이익,IS,22,,,,,,,,,145355192000000.0,-90850006000000.0,-23340596000000.0,3637218000000.0,금융비용,IS,14,,,32960282000000.0,영업활동현금흐름,CF,34,투자활동현금흐름,CF,15,재무활동현금흐름,CF,8
